1,6,1,2700,22/06/2023
2,6,1,2700,23/06/2023
3,6,1,2700,24/06/2023
4,6,1,2700,25/06/2023
5,6,1,2700,26/06/2023
6,6,1,2700,27/06/2023
7,6,1,2700,28/06/2023
8,6,1,2700,29/06/2023
9,6,1,2700,30/06/2023
10,6,1,2700,01/07/2023
11,6,1,2700,02/07/2023
12,6,1,2700,03/07/2023
13,6,1,2700,04/07/2023
14,6,1,2700,05/07/2023
15,6,1,2700,06/07/2023
16,6,1,2700,07/07/2023
17,6,1,2700,08/07/2023
18,6,1,2700,09/07/2023
19,6,1,2700,10/07/2023
20,6,1,2700,11/07/2023
21,6,1,2700,12/07/2023
22,6,1,2700,13/07/2023
23,6,1,2700,14/07/2023
24,6,1,2700,15/07/2023
25,6,1,2700,16/07/2023
26,6,1,2700,17/07/2023
27,6,1,2700,18/07/2023
28,6,1,2700,19/07/2023
29,6,1,2700,20/07/2023
30,6,1,2700,21/07/2023
31,6,1,2700,22/07/2023
32,6,1,2700,23/07/2023
33,6,1,2700,24/07/2023
34,6,1,2700,25/07/2023
35,6,1,2700,26/07/2023
36,6,1,2700,27/07/2023
37,6,1,2700,28/07/2023
38,6,1,2700,29/07/2023
39,6,1,2700,30/07/2023
40,6,1,2700,31/07/2023
41,6,1,2700,01/08/2023
42,6,1,2700,02/08/2023
43,6,1,2700,03/08/2023
44,6,1,2700,04/08/2023
45,6,1,2700,05/08/2023
46,6,1,2700,06/08/2023
47,6,1,2700,07/08/2023
48,6,1,2700,08/08/2023
49,6,1,2700,09/08/2023
50,6,1,2700,10/08/2023
51,6,1,2700,11/08/2023
52,6,1,2700,12/08/2023
53,6,1,2700,13/08/2023
54,6,1,2700,14/08/2023
55,6,1,2700,15/08/2023
56,6,1,2700,16/08/2023
57,6,1,2700,17/08/2023
58,6,1,2700,18/08/2023
59,6,1,2700,19/08/2023
60,6,1,2700,20/08/2023
61,6,1,2700,21/08/2023
62,6,1,2700,22/08/2023
63,6,1,2700,23/08/2023
64,6,1,2700,24/08/2023
65,6,1,2700,25/08/2023
66,6,1,2700,26/08/2023
67,6,1,2700,27/08/2023
68,6,1,2700,28/08/2023
69,6,1,2700,29/08/2023
70,6,1,2700,30/08/2023
71,6,1,2700,31/08/2023
72,6,1,2700,01/09/2023
73,6,1,2700,02/09/2023
74,6,1,2700,03/09/2023
75,6,1,2700,04/09/2023
76,6,1,2700,05/09/2023
77,6,1,2700,06/09/2023
78,6,1,2700,07/09/2023
79,6,1,2700,08/09/2023
80,6,1,2700,09/09/2023
81,6,1,2700,10/09/2023
82,6,1,2700,11/09/2023
83,6,1,2700,12/09/2023
84,6,1,2700,13/09/2023
85,6,1,2700,14/09/2023
86,6,1,2700,15/09/2023
87,6,1,2700,16/09/2023
88,6,1,2700,17/09/2023
89,6,1,2700,18/09/2023
90,6,1,2700,19/09/2023
91,6,1,2700,20/09/2023
92,6,1,2700,21/09/2023
93,6,1,2700,22/09/2023
94,6,1,2700,23/09/2023
95,6,1,2700,24/09/2023
96,6,1,2700,25/09/2023
97,6,1,2700,26/09/2023
98,6,1,2700,27/09/2023
99,6,1,2700,28/09/2023
100,6,1,2700,29/09/2023
101,6,1,2700,30/09/2023
102,6,1,2700,01/10/2023
103,6,1,2700,02/10/2023
104,6,1,2700,03/10/2023
105,6,1,2700,04/10/2023
106,6,1,2700,05/10/2023
107,6,1,2700,06/10/2023
108,6,1,2700,07/10/2023
109,6,1,2700,08/10/2023
110,6,1,2700,09/10/2023
111,6,1,2700,10/10/2023
112,6,1,2700,11/10/2023
113,6,1,2700,12/10/2023
114,6,1,2700,13/10/2023
115,6,1,2700,14/10/2023
116,6,1,2700,15/10/2023
117,6,1,2700,16/10/2023
118,6,1,2700,17/10/2023
119,6,1,2700,18/10/2023
120,6,1,2700,19/10/2023
121,6,1,2700,20/10/2023
122,6,1,2700,21/10/2023
123,6,1,2700,22/10/2023
124,6,1,2700,23/10/2023
125,6,1,2700,24/10/2023
126,6,1,2700,25/10/2023
127,6,1,2700,26/10/2023
128,6,1,2700,27/10/2023
129,6,1,2700,28/10/2023
130,6,1,2700,29/10/2023
131,6,1,2700,30/10/2023
132,6,1,2700,31/10/2023
133,6,1,2700,01/11/2023
134,6,1,2700,02/11/2023
135,6,1,2700,03/11/2023
136,6,1,2700,04/11/2023
137,6,1,2700,05/11/2023
138,6,1,2700,06/11/2023
139,6,1,2700,07/11/2023
140,6,1,2700,08/11/2023
141,6,1,2700,09/11/2023
142,6,1,3194.83,10/11/2023
143,6,1,3194.83,11/11/2023
144,6,1,3194.83,12/11/2023
145,6,1,3194.83,13/11/2023
146,6,1,3194.83,14/11/2023
147,6,1,3194.83,15/11/2023
148,6,1,3194.83,16/11/2023
149,6,1,3194.83,17/11/2023
150,6,1,3194.83,18/11/2023
151,6,1,3194.83,19/11/2023
152,6,1,3194.83,20/11/2023
153,6,1,3194.83,21/11/2023
154,6,1,3194.83,22/11/2023
155,6,1,3194.83,23/11/2023
156,6,1,3194.83,24/11/2023
157,6,1,3194.83,25/11/2023
158,6,1,3194.83,26/11/2023
159,6,1,3194.83,27/11/2023
160,6,1,3194.83,28/11/2023
161,6,1,3194.83,29/11/2023
162,6,1,3194.83,30/11/2023
163,6,1,3194.83,01/12/2023
164,6,1,3194.83,02/12/2023
165,6,1,3194.83,03/12/2023
166,6,1,3194.83,04/12/2023
167,6,1,3194.83,05/12/2023
168,6,1,3194.83,06/12/2023
169,6,1,3194.83,07/12/2023
170,6,1,3194.83,08/12/2023
171,6,1,3194.83,09/12/2023
172,6,1,3194.83,10/12/2023
173,6,1,3194.83,11/12/2023
174,6,1,3194.83,12/12/2023
175,6,1,3194.83,13/12/2023
176,6,1,3194.83,14/12/2023
177,6,1,3194.83,15/12/2023
178,6,1,3194.83,16/12/2023
179,6,1,3194.83,17/12/2023
180,6,1,3194.83,18/12/2023
181,6,1,3194.83,19/12/2023
182,6,1,3194.83,20/12/2023
183,6,1,3194.83,21/12/2023
184,6,1,3194.83,22/12/2023
185,6,1,3194.83,23/12/2023
186,6,1,3194.83,24/12/2023
187,6,1,3194.83,25/12/2023
188,6,1,3194.83,26/12/2023
189,6,1,3194.83,27/12/2023
190,6,1,3194.83,28/12/2023
191,6,1,3194.83,29/12/2023
192,6,1,3190.8,30/12/2023
193,6,1,2895.11,31/12/2023
194,6,1,2895.11,01/01/2024
195,6,1,2895.11,02/01/2024
196,6,1,2895.11,03/01/2024
197,6,1,2895.11,04/01/2024
198,6,1,2895.11,05/01/2024
199,6,1,2895.11,06/01/2024
200,6,1,2895.11,07/01/2024
201,6,1,2895.11,08/01/2024
202,6,1,2895.11,09/01/2024
203,6,1,2895.11,10/01/2024
204,6,1,2895.11,11/01/2024
205,6,1,2895.11,12/01/2024
206,6,1,2895.11,13/01/2024
207,6,1,2895.11,14/01/2024
208,6,1,2895.11,15/01/2024
209,6,1,2895.11,16/01/2024
210,6,1,2895.11,17/01/2024
211,6,1,2895.11,18/01/2024
212,6,1,2895.11,19/01/2024
213,6,1,2895.11,20/01/2024
214,6,1,2895.11,21/01/2024
215,6,1,2895.11,22/01/2024
216,6,1,2895.11,23/01/2024
217,6,1,2895.11,24/01/2024
218,6,1,2895.11,25/01/2024
219,6,1,2895.11,26/01/2024
220,6,1,2895.11,27/01/2024
221,6,1,2895.11,28/01/2024
222,6,1,2895.11,29/01/2024
223,6,1,2895.11,30/01/2024
224,6,1,2895.11,31/01/2024
225,6,1,2895.11,01/02/2024
226,6,1,2895.11,02/02/2024
227,6,1,2895.11,03/02/2024
228,6,1,2895.11,04/02/2024
229,6,1,2895.11,05/02/2024
230,6,1,2895.11,06/02/2024
231,6,1,2895.11,07/02/2024
232,6,1,2895.11,08/02/2024
233,6,1,2895.11,09/02/2024
234,6,1,2895.11,10/02/2024
235,6,1,2895.11,11/02/2024
236,6,1,2895.11,12/02/2024
237,6,1,2792.53,13/02/2024
238,6,1,2792.53,14/02/2024
239,6,1,2792.53,15/02/2024
240,6,1,2792.53,16/02/2024
241,6,1,2792.53,17/02/2024
242,6,1,2790.52,18/02/2024
243,6,1,2695.98,19/02/2024
244,6,1,2695.98,20/02/2024
245,6,1,2695.98,21/02/2024
246,6,1,2695.98,22/02/2024
247,6,1,2695.98,23/02/2024
248,6,1,2695.98,24/02/2024
249,6,1,2695.98,25/02/2024
250,6,1,2695.98,26/02/2024
251,6,1,2695.98,27/02/2024
252,6,1,2695.98,28/02/2024
253,6,1,2695.98,29/02/2024
254,6,1,2695.98,01/03/2024
255,6,1,2695.98,02/03/2024
256,6,1,2695.98,03/03/2024
257,6,1,2695.98,04/03/2024
258,6,1,2695.98,05/03/2024
259,6,1,2695.98,06/03/2024
260,6,1,2695.98,07/03/2024
261,6,1,2695.98,08/03/2024
262,6,1,2695.98,09/03/2024
263,6,1,2695.98,10/03/2024
264,6,1,2695.98,11/03/2024
265,6,1,2695.98,12/03/2024
266,6,1,2695.98,13/03/2024
267,6,1,2695.98,14/03/2024
268,6,1,2695.98,15/03/2024
269,6,1,2695.98,16/03/2024
270,6,1,2695.98,17/03/2024
271,6,1,2695.98,18/03/2024
272,6,1,2695.98,19/03/2024
273,6,1,2695.98,20/03/2024
274,6,1,2695.98,21/03/2024
275,6,1,2695.98,22/03/2024
276,6,1,2695.98,23/03/2024
277,6,1,2695.98,24/03/2024
278,6,1,2695.98,25/03/2024
279,6,1,2695.98,26/03/2024
280,6,1,2695.98,27/03/2024
281,6,1,2695.98,28/03/2024
282,6,1,2695.98,29/03/2024
283,6,1,2695.98,30/03/2024
284,6,1,2695.98,31/03/2024
285,6,1,2695.98,01/04/2024
286,6,1,2695.98,02/04/2024
287,6,1,2695.98,03/04/2024
288,6,1,2695.98,04/04/2024
289,6,1,2695.98,05/04/2024
290,6,1,2695.98,06/04/2024
291,6,1,2695.98,07/04/2024
292,6,1,2695.98,08/04/2024
293,6,1,2695.98,09/04/2024
294,6,1,2695.98,10/04/2024
295,6,1,2893.1,11/04/2024
296,6,1,2693.97,12/04/2024
297,6,1,2693.97,13/04/2024
298,6,1,2693.97,14/04/2024
299,6,1,2693.97,15/04/2024
300,6,1,2693.97,16/04/2024
301,6,1,2693.97,17/04/2024
302,6,1,2693.97,18/04/2024
303,6,1,2693.97,19/04/2024
304,6,1,2693.97,20/04/2024
305,6,1,2693.97,21/04/2024
306,6,1,2693.97,22/04/2024
307,6,1,2693.97,23/04/2024
308,6,1,2693.97,24/04/2024
309,6,1,2693.97,25/04/2024
310,6,1,2693.97,26/04/2024
311,6,1,2693.97,27/04/2024
312,6,1,2889.08,28/04/2024
313,6,1,2889.08,29/04/2024
314,6,1,2197.13,30/04/2024
315,6,1,2197.13,01/05/2024
316,6,1,2197.13,02/05/2024
317,6,1,2197.13,03/05/2024
318,6,1,2197.13,04/05/2024
319,6,1,2893.1,05/05/2024
320,6,1,2197.13,06/05/2024
321,6,1,2197.13,07/05/2024
322,6,1,2197.13,08/05/2024
323,6,1,2197.13,09/05/2024
324,6,1,2197.13,10/05/2024
325,6,1,2197.13,11/05/2024
326,6,1,2197.13,12/05/2024
327,6,1,2197.13,13/05/2024
328,6,1,2197.13,14/05/2024
329,6,1,2197.13,15/05/2024
330,6,1,2197.13,16/05/2024
331,6,1,2197.13,17/05/2024
332,6,1,2197.13,18/05/2024
333,6,1,2197.13,19/05/2024
334,6,1,2197.13,20/05/2024
335,6,1,2197.13,21/05/2024
336,6,1,2197.13,22/05/2024
337,6,1,2197.13,23/05/2024
338,6,1,2197.13,24/05/2024
339,6,1,2197.13,25/05/2024
340,6,1,2197.13,26/05/2024
341,6,1,2197.13,27/05/2024
342,6,1,2197.13,28/05/2024
343,6,1,2197.13,29/05/2024
344,6,1,2197.13,30/05/2024
345,6,1,2197.13,31/05/2024
346,6,1,2197.13,01/06/2024
347,6,1,2197.13,02/06/2024
348,6,1,2197.13,03/06/2024
349,6,1,2197.13,04/06/2024
350,6,1,2197.13,05/06/2024
351,6,1,2197.13,06/06/2024
352,6,1,2197.13,07/06/2024
353,6,1,2197.13,08/06/2024
354,6,1,2197.13,09/06/2024
355,6,1,2197.13,10/06/2024
356,6,1,2197.13,11/06/2024
357,6,1,2197.13,12/06/2024
358,6,1,2197.13,13/06/2024
359,6,1,2197.13,14/06/2024
360,6,1,2197.13,15/06/2024
361,6,1,2197.13,16/06/2024
362,6,1,2197.13,17/06/2024
363,6,1,2197.13,18/06/2024
364,6,1,2197.13,19/06/2024
365,6,1,2197.13,20/06/2024
366,6,1,2893.1,21/06/2024
367,5,1,380,15/03/2024
368,5,1,380,16/03/2024
369,5,1,380,17/03/2024
370,5,1,380,18/03/2024
371,5,1,419.51,19/03/2024
372,5,1,414.39,20/03/2024
373,5,1,413.41,21/03/2024
374,5,1,413.41,22/03/2024
375,5,1,413.41,23/03/2024
376,5,1,413.41,24/03/2024
377,5,1,419.76,25/03/2024
378,5,1,399.76,26/03/2024
379,5,1,419.76,27/03/2024
380,5,1,419.76,28/03/2024
381,5,1,419.76,29/03/2024
382,5,1,419.76,30/03/2024
383,5,1,419.76,31/03/2024
384,5,1,419.76,01/04/2024
385,5,1,419.76,02/04/2024
386,5,1,419.76,03/04/2024
387,5,1,419.76,04/04/2024
388,5,1,419.76,05/04/2024
389,5,1,419.76,06/04/2024
390,5,1,419.76,07/04/2024
391,5,1,419.76,08/04/2024
392,5,1,419.76,09/04/2024
393,5,1,419.76,10/04/2024
394,5,1,419.76,11/04/2024
395,5,1,419.76,12/04/2024
396,5,1,419.76,13/04/2024
397,5,1,413.9,14/04/2024
398,5,1,399.76,15/04/2024
399,5,1,414.39,16/04/2024
400,5,1,400.98,17/04/2024
401,5,1,400.98,18/04/2024
402,5,1,392.68,19/04/2024
403,5,1,389.76,20/04/2024
404,5,1,389.76,21/04/2024
405,5,1,417.8,22/04/2024
406,5,1,396.83,23/04/2024
407,5,1,390.3,24/04/2024
408,5,1,379.96,25/04/2024
409,5,1,394.59,26/04/2024
410,5,1,370.59,27/04/2024
411,5,1,370.59,28/04/2024
412,5,1,370.98,29/04/2024
413,5,1,370.2,30/04/2024
414,5,1,361.03,01/05/2024
415,5,1,360.05,02/05/2024
416,5,1,369.81,03/05/2024
417,5,1,400.44,04/05/2024
418,5,1,400.44,05/05/2024
419,5,1,399.47,06/05/2024
420,5,1,399.86,07/05/2024
421,5,1,398.69,08/05/2024
422,5,1,397.91,09/05/2024
423,5,1,398.49,10/05/2024
424,5,1,398.49,11/05/2024
425,5,1,439.08,12/05/2024
426,5,1,388.15,13/05/2024
427,5,1,388.15,14/05/2024
428,5,1,388.15,15/05/2024
429,5,1,388.15,16/05/2024
430,5,1,378.78,17/05/2024
431,5,1,439.47,18/05/2024
432,5,1,378.78,19/05/2024
433,5,1,378.78,20/05/2024
434,5,1,439.47,21/05/2024
435,5,1,378.39,22/05/2024
436,5,1,378.39,23/05/2024
437,5,1,378.39,24/05/2024
438,5,1,378.39,25/05/2024
439,5,1,439.66,26/05/2024
440,5,1,439.66,27/05/2024
441,5,1,378.2,28/05/2024
442,5,1,439.66,29/05/2024
443,5,1,439.66,30/05/2024
444,5,1,439.66,31/05/2024
445,5,1,439.27,01/06/2024
446,5,1,439.27,02/06/2024
447,5,1,439.27,03/06/2024
448,5,1,439.66,04/06/2024
449,5,1,399.66,05/06/2024
450,5,1,399.86,06/06/2024
451,5,1,366.88,07/06/2024
452,5,1,367.27,08/06/2024
453,4,1,35.04,21/06/2023
454,4,1,35.04,22/06/2023
455,4,1,34.01,23/06/2023
456,4,1,34.01,24/06/2023
457,4,1,34.01,25/06/2023
458,4,1,34.01,26/06/2023
459,4,1,34.01,27/06/2023
460,4,1,34.01,28/06/2023
461,4,1,34.01,29/06/2023
462,4,1,34.01,30/06/2023
463,4,1,34.99,01/07/2023
464,4,1,34.99,02/07/2023
465,4,1,34.99,03/07/2023
466,4,1,34.99,04/07/2023
467,4,1,34.99,05/07/2023
468,4,1,34.99,06/07/2023
469,4,1,34.99,07/07/2023
470,4,1,34.99,08/07/2023
471,4,1,34.99,09/07/2023
472,4,1,34.99,10/07/2023
473,4,1,34.99,11/07/2023
474,4,1,32.22,12/07/2023
475,4,1,34.01,13/07/2023
476,4,1,34.01,14/07/2023
477,4,1,34.99,15/07/2023
478,4,1,34.01,16/07/2023
479,4,1,34.01,17/07/2023
480,4,1,34.93,18/07/2023
481,4,1,34.06,19/07/2023
482,4,1,34.06,20/07/2023
483,4,1,34.06,21/07/2023
484,4,1,34.06,22/07/2023
485,4,1,34.06,23/07/2023
486,4,1,34.06,24/07/2023
487,4,1,34.06,25/07/2023
488,4,1,34.06,26/07/2023
489,4,1,34.06,27/07/2023
490,4,1,34.87,28/07/2023
491,4,1,34.01,29/07/2023
492,4,1,34.01,30/07/2023
493,4,1,34.01,31/07/2023
494,4,1,34.87,01/08/2023
495,4,1,34.01,02/08/2023
496,4,1,34.01,03/08/2023
497,4,1,34.87,04/08/2023
498,4,1,34.01,05/08/2023
499,4,1,34.01,06/08/2023
500,4,1,34.01,07/08/2023
501,4,1,34.01,08/08/2023
502,4,1,34.01,09/08/2023
503,4,1,34.01,10/08/2023
504,4,1,34.01,11/08/2023
505,4,1,34.01,12/08/2023
506,4,1,35.04,13/08/2023
507,4,1,35.04,14/08/2023
508,4,1,32.05,15/08/2023
509,4,1,32.05,16/08/2023
510,4,1,32.05,17/08/2023
511,4,1,32.05,18/08/2023
512,4,1,32.05,19/08/2023
513,4,1,32.05,20/08/2023
514,4,1,32.05,21/08/2023
515,4,1,32.05,22/08/2023
516,4,1,32.05,23/08/2023
517,4,1,32.05,24/08/2023
518,4,1,32.05,25/08/2023
519,4,1,32.05,26/08/2023
520,4,1,35.04,27/08/2023
521,4,1,26.97,28/08/2023
522,4,1,26.97,29/08/2023
523,4,1,26.97,30/08/2023
524,4,1,26.97,31/08/2023
525,4,1,35.04,01/09/2023
526,4,1,35.04,02/09/2023
527,4,1,35.04,03/09/2023
528,4,1,35.04,04/09/2023
529,4,1,35.04,05/09/2023
530,4,1,26.92,06/09/2023
531,4,1,26.97,07/09/2023
532,4,1,35.04,08/09/2023
533,4,1,35.04,09/09/2023
534,4,1,34.99,10/09/2023
535,4,1,32.91,11/09/2023
536,4,1,32.91,12/09/2023
537,4,1,32.91,13/09/2023
538,4,1,32.91,14/09/2023
539,4,1,34.87,15/09/2023
540,4,1,34.87,16/09/2023
541,4,1,34.87,17/09/2023
542,4,1,34.87,18/09/2023
543,4,1,34.87,19/09/2023
544,4,1,34.87,20/09/2023
545,4,1,34.87,21/09/2023
546,4,1,34.87,22/09/2023
547,4,1,34.87,23/09/2023
548,4,1,35.1,24/09/2023
549,4,1,33.2,25/09/2023
550,4,1,33.2,26/09/2023
551,4,1,33.2,27/09/2023
552,4,1,31.99,28/09/2023
553,4,1,31.99,29/09/2023
554,4,1,31.99,30/09/2023
555,4,1,31.99,01/10/2023
556,4,1,31.99,02/10/2023
557,4,1,32.39,03/10/2023
558,4,1,32.39,04/10/2023
559,4,1,32.39,05/10/2023
560,4,1,32.39,06/10/2023
561,4,1,32.39,07/10/2023
562,4,1,32.39,08/10/2023
563,4,1,33.03,09/10/2023
564,4,1,31.12,10/10/2023
565,4,1,31.12,11/10/2023
566,4,1,31.12,12/10/2023
567,4,1,31.12,13/10/2023
568,4,1,31.12,14/10/2023
569,4,1,32.51,15/10/2023
570,4,1,32.51,16/10/2023
571,4,1,32.51,17/10/2023
572,4,1,32.51,18/10/2023
573,4,1,32.51,19/10/2023
574,4,1,32.51,20/10/2023
575,4,1,32.51,21/10/2023
576,4,1,24.44,22/10/2023
577,4,1,32.51,23/10/2023
578,4,1,32.51,24/10/2023
579,4,1,32.51,25/10/2023
580,4,1,32.51,26/10/2023
581,4,1,32.51,27/10/2023
582,4,1,32.51,28/10/2023
583,4,1,32.51,29/10/2023
584,4,1,32.51,30/10/2023
585,4,1,32.51,31/10/2023
586,4,1,32.51,01/11/2023
587,4,1,32.51,02/11/2023
588,4,1,24.5,03/11/2023
589,4,1,24.5,04/11/2023
590,4,1,24.5,05/11/2023
591,4,1,24.5,06/11/2023
592,4,1,24.5,07/11/2023
593,4,1,25.13,08/11/2023
594,4,1,25.13,09/11/2023
595,4,1,25.13,10/11/2023
596,4,1,32.51,11/11/2023
597,4,1,31.7,12/11/2023
598,4,1,31.7,13/11/2023
599,4,1,31.7,14/11/2023
600,4,1,31.7,15/11/2023
601,4,1,31.7,16/11/2023
602,4,1,31.7,17/11/2023
603,4,1,31.7,18/11/2023
604,4,1,31.7,19/11/2023
605,4,1,31.7,20/11/2023
606,4,1,31.7,21/11/2023
607,4,1,31.7,22/11/2023
608,4,1,31.7,23/11/2023
609,4,1,31.7,24/11/2023
610,4,1,31.7,25/11/2023
611,4,1,32.56,26/11/2023
612,4,1,32.56,27/11/2023
613,4,1,32.56,28/11/2023
614,4,1,32.56,29/11/2023
615,4,1,56.83,30/11/2023
616,4,1,56.83,01/12/2023
617,4,1,56.83,02/12/2023
618,4,1,56.83,03/12/2023
619,4,1,28.13,04/12/2023
620,4,1,53.95,05/12/2023
621,4,1,36.37,06/12/2023
622,4,1,36.37,07/12/2023
623,4,1,28.13,08/12/2023
624,4,1,50.14,09/12/2023
625,4,1,53.6,10/12/2023
626,4,1,52.74,11/12/2023
627,4,1,52.74,12/12/2023
628,4,1,52.74,13/12/2023
629,4,1,35.16,14/12/2023
630,4,1,35.22,15/12/2023
631,4,1,35.22,16/12/2023
632,4,1,52.05,17/12/2023
633,4,1,52.05,18/12/2023
634,4,1,52.05,19/12/2023
635,4,1,42.71,20/12/2023
636,4,1,43.29,21/12/2023
637,4,1,28.18,22/12/2023
638,4,1,28.18,23/12/2023
639,4,1,28.18,24/12/2023
640,4,1,28.18,25/12/2023
641,4,1,34.99,26/12/2023
642,4,1,28.18,27/12/2023
643,4,1,28.18,28/12/2023
644,4,1,34.99,29/12/2023
645,4,1,28.18,30/12/2023
646,4,1,28.18,31/12/2023
647,4,1,28.18,01/01/2024
648,4,1,28.18,02/01/2024
649,4,1,35.04,03/01/2024
650,4,1,33.66,04/01/2024
651,4,1,33.66,05/01/2024
652,4,1,33.66,06/01/2024
653,4,1,35.04,07/01/2024
654,4,1,33.89,08/01/2024
655,4,1,33.89,09/01/2024
656,4,1,33.89,10/01/2024
657,4,1,33.89,11/01/2024
658,4,1,33.89,12/01/2024
659,4,1,33.89,13/01/2024
660,4,1,33.89,14/01/2024
661,4,1,35.04,15/01/2024
662,4,1,33.89,16/01/2024
663,4,1,33.89,17/01/2024
664,4,1,33.89,18/01/2024
665,4,1,33.89,19/01/2024
666,4,1,33.89,20/01/2024
667,4,1,33.89,21/01/2024
668,4,1,33.89,22/01/2024
669,4,1,33.89,23/01/2024
670,4,1,33.89,24/01/2024
671,4,1,33.89,25/01/2024
672,4,1,33.89,26/01/2024
673,4,1,33.89,27/01/2024
674,4,1,34.93,28/01/2024
675,4,1,33.03,29/01/2024
676,4,1,33.03,30/01/2024
677,4,1,33.03,31/01/2024
678,4,1,34.99,01/02/2024
679,4,1,34.24,02/02/2024
680,4,1,34.24,03/02/2024
681,4,1,33.66,04/02/2024
682,4,1,33.66,05/02/2024
683,4,1,33.66,06/02/2024
684,4,1,35.1,07/02/2024
685,4,1,34.18,08/02/2024
686,4,1,31.01,09/02/2024
687,4,1,31.01,10/02/2024
688,4,1,34.99,11/02/2024
689,4,1,34.99,12/02/2024
690,4,1,33.72,13/02/2024
691,4,1,34.99,14/02/2024
692,4,1,34.24,15/02/2024
693,4,1,33.95,16/02/2024
694,4,1,33.95,17/02/2024
695,4,1,33.95,18/02/2024
696,4,1,33.95,19/02/2024
697,4,1,33.49,20/02/2024
698,4,1,35.04,21/02/2024
699,4,1,34.81,22/02/2024
700,4,1,34.81,23/02/2024
701,4,1,33.89,24/02/2024
702,4,1,33.89,25/02/2024
703,4,1,33.89,26/02/2024
704,4,1,34.81,27/02/2024
705,4,1,34.81,28/02/2024
706,4,1,34.81,29/02/2024
707,4,1,32.91,01/03/2024
708,4,1,32.91,02/03/2024
709,4,1,43,03/03/2024
710,4,1,43,04/03/2024
711,4,1,43,05/03/2024
712,4,1,32.91,06/03/2024
713,4,1,31.7,07/03/2024
714,4,1,31.87,08/03/2024
715,4,1,31.87,09/03/2024
716,4,1,31.87,10/03/2024
717,4,1,31.87,11/03/2024
718,4,1,33.03,12/03/2024
719,4,1,33.03,13/03/2024
720,4,1,33.03,14/03/2024
721,4,1,33.03,15/03/2024
722,4,1,33.03,16/03/2024
723,4,1,33.03,17/03/2024
724,4,1,33.03,18/03/2024
725,4,1,33.03,19/03/2024
726,4,1,32.39,20/03/2024
727,4,1,32.39,21/03/2024
728,4,1,33.6,22/03/2024
729,4,1,33.6,23/03/2024
730,4,1,33.6,24/03/2024
731,4,1,33.6,25/03/2024
732,4,1,32.8,26/03/2024
733,4,1,32.8,27/03/2024
734,4,1,32.8,28/03/2024
735,4,1,32.8,29/03/2024
736,4,1,32.8,30/03/2024
737,4,1,32.8,31/03/2024
738,4,1,31.76,01/04/2024
739,4,1,31.76,02/04/2024
740,4,1,31.76,03/04/2024
741,4,1,30.32,04/04/2024
742,4,1,33.14,05/04/2024
743,4,1,33.14,06/04/2024
744,4,1,33.54,07/04/2024
745,4,1,33.54,08/04/2024
746,4,1,49.86,09/04/2024
747,4,1,33.6,10/04/2024
748,4,1,33.6,11/04/2024
749,4,1,33.6,12/04/2024
750,4,1,33.6,13/04/2024
751,4,1,33.6,14/04/2024
752,4,1,42.94,15/04/2024
753,4,1,42.94,16/04/2024
754,4,1,33.14,17/04/2024
755,4,1,42.94,18/04/2024
756,4,1,42.94,19/04/2024
757,4,1,33.14,20/04/2024
758,4,1,33.14,21/04/2024
759,4,1,43,22/04/2024
760,4,1,43,23/04/2024
761,4,1,43,24/04/2024
762,4,1,33.31,25/04/2024
763,4,1,33.26,26/04/2024
764,4,1,33.26,27/04/2024
765,4,1,33.26,28/04/2024
766,4,1,33.26,29/04/2024
767,4,1,33.26,30/04/2024
768,4,1,33.03,01/05/2024
769,4,1,33.03,02/05/2024
770,4,1,33.03,03/05/2024
771,4,1,33.54,04/05/2024
772,4,1,33.54,05/05/2024
773,4,1,32.97,06/05/2024
774,4,1,32.97,07/05/2024
775,4,1,32.97,08/05/2024
776,4,1,32.97,09/05/2024
777,4,1,32.97,10/05/2024
778,4,1,32.97,11/05/2024
779,4,1,33.14,12/05/2024
780,4,1,32.22,13/05/2024
781,4,1,32.22,14/05/2024
782,4,1,32.22,15/05/2024
783,4,1,32.22,16/05/2024
784,4,1,32.22,17/05/2024
785,4,1,32.22,18/05/2024
786,4,1,32.22,19/05/2024
787,4,1,32.22,20/05/2024
788,4,1,32.22,21/05/2024
789,4,1,32.22,22/05/2024
790,4,1,32.22,23/05/2024
791,4,1,32.22,24/05/2024
792,4,1,32.22,25/05/2024
793,4,1,32.22,26/05/2024
794,4,1,32.22,27/05/2024
795,4,1,32.22,28/05/2024
796,4,1,32.22,29/05/2024
797,4,1,32.22,30/05/2024
798,4,1,32.22,31/05/2024
799,4,1,32.74,01/06/2024
800,4,1,33.14,02/06/2024
801,4,1,33.14,03/06/2024
802,4,1,33.14,04/06/2024
803,4,1,33.14,05/06/2024
804,4,1,33.14,06/06/2024
805,4,1,33.14,07/06/2024
806,4,1,33.14,08/06/2024
807,4,1,33.14,09/06/2024
808,4,1,33.14,10/06/2024
809,4,1,33.14,11/06/2024
810,4,1,33.14,12/06/2024
811,4,1,33.14,13/06/2024
812,4,1,33.2,14/06/2024
813,4,1,32.28,15/06/2024
814,4,1,32.28,16/06/2024
815,4,1,33.26,17/06/2024
816,4,1,42.88,18/06/2024
817,4,1,36.77,19/06/2024
818,3,1,329.85,23/06/2023
819,3,1,329.85,24/06/2023
820,3,1,329.85,25/06/2023
821,3,1,280.05,26/06/2023
822,3,1,280.05,27/06/2023
823,3,1,280.05,28/06/2023
824,3,1,280.05,29/06/2023
825,3,1,280.05,30/06/2023
826,3,1,280.05,01/07/2023
827,3,1,280.05,02/07/2023
828,3,1,280.05,03/07/2023
829,3,1,280.05,04/07/2023
830,3,1,280.05,05/07/2023
831,3,1,280.05,06/07/2023
832,3,1,280.05,07/07/2023
833,3,1,280.05,08/07/2023
834,3,1,280.05,09/07/2023
835,3,1,280.05,10/07/2023
836,3,1,280.05,11/07/2023
837,3,1,280.05,12/07/2023
838,3,1,280.82,13/07/2023
839,3,1,324.3,14/07/2023
840,3,1,280.25,15/07/2023
841,3,1,324.3,16/07/2023
842,3,1,324.3,17/07/2023
843,3,1,280.25,18/07/2023
844,3,1,280.25,19/07/2023
845,3,1,280.25,20/07/2023
846,3,1,280.25,21/07/2023
847,3,1,286.37,22/07/2023
848,3,1,286.37,23/07/2023
849,3,1,291.55,24/07/2023
850,3,1,291.55,25/07/2023
851,3,1,325.64,26/07/2023
852,3,1,303.8,27/07/2023
853,3,1,303.8,28/07/2023
854,3,1,303.8,29/07/2023
855,3,1,299.02,30/07/2023
856,3,1,306.1,31/07/2023
857,3,1,318.55,01/08/2023
858,3,1,318.55,02/08/2023
859,3,1,318.55,03/08/2023
860,3,1,318.55,04/08/2023
861,3,1,314.72,05/08/2023
862,3,1,318.55,06/08/2023
863,3,1,318.55,07/08/2023
864,3,1,318.55,08/08/2023
865,3,1,314.72,09/08/2023
866,3,1,318.93,10/08/2023
867,3,1,318.93,11/08/2023
868,3,1,318.93,12/08/2023
869,3,1,318.93,13/08/2023
870,3,1,318.93,14/08/2023
871,3,1,318.93,15/08/2023
872,3,1,318.93,16/08/2023
873,3,1,318.93,17/08/2023
874,3,1,318.93,18/08/2023
875,3,1,318.93,19/08/2023
876,3,1,318.93,20/08/2023
877,3,1,318.93,21/08/2023
878,3,1,318.93,22/08/2023
879,3,1,310.7,23/08/2023
880,3,1,310.7,24/08/2023
881,3,1,310.7,25/08/2023
882,3,1,310.7,26/08/2023
883,3,1,310.7,27/08/2023
884,3,1,310.7,28/08/2023
885,3,1,310.7,29/08/2023
886,3,1,310.7,30/08/2023
887,3,1,310.51,31/08/2023
888,3,1,310.51,01/09/2023
889,3,1,310.51,02/09/2023
890,3,1,280.44,03/09/2023
891,3,1,307.82,04/09/2023
892,3,1,277.95,05/09/2023
893,3,1,279.86,06/09/2023
894,3,1,279.86,07/09/2023
895,3,1,279.86,08/09/2023
896,3,1,279.86,09/09/2023
897,3,1,279.86,10/09/2023
898,3,1,279.86,11/09/2023
899,3,1,279.86,12/09/2023
900,3,1,279.86,13/09/2023
901,3,1,279.86,14/09/2023
902,3,1,279.86,15/09/2023
903,3,1,279.86,16/09/2023
904,3,1,277.76,17/09/2023
905,3,1,274.88,18/09/2023
906,3,1,274.88,19/09/2023
907,3,1,330.04,20/09/2023
908,3,1,299.21,21/09/2023
909,3,1,330.04,22/09/2023
910,3,1,306.1,23/09/2023
911,3,1,306.1,24/09/2023
912,3,1,312.61,25/09/2023
913,3,1,330.04,26/09/2023
914,3,1,330.04,27/09/2023
915,3,1,330.04,28/09/2023
916,3,1,289.25,29/09/2023
917,3,1,289.25,30/09/2023
918,3,1,289.25,01/10/2023
919,3,1,289.25,02/10/2023
920,3,1,293.84,03/10/2023
921,3,1,289.44,04/10/2023
922,3,1,289.44,05/10/2023
923,3,1,280.25,06/10/2023
924,3,1,280.25,07/10/2023
925,3,1,280.25,08/10/2023
926,3,1,280.25,09/10/2023
927,3,1,280.25,10/10/2023
928,3,1,280.25,11/10/2023
929,3,1,280.25,12/10/2023
930,3,1,280.25,13/10/2023
931,3,1,280.25,14/10/2023
932,3,1,280.25,15/10/2023
933,3,1,280.25,16/10/2023
934,3,1,280.25,17/10/2023
935,3,1,280.25,18/10/2023
936,3,1,286.37,19/10/2023
937,3,1,280.25,20/10/2023
938,3,1,285.8,21/10/2023
939,3,1,285.8,22/10/2023
940,3,1,285.8,23/10/2023
941,3,1,285.8,24/10/2023
942,3,1,289.63,25/10/2023
943,3,1,285.8,26/10/2023
944,3,1,285.8,27/10/2023
945,3,1,285.8,28/10/2023
946,3,1,289.06,29/10/2023
947,3,1,270.1,30/10/2023
948,3,1,270.1,31/10/2023
949,3,1,270.1,01/11/2023
950,3,1,270.1,02/11/2023
951,3,1,270.1,03/11/2023
952,3,1,270.1,04/11/2023
953,3,1,288.1,05/11/2023
954,3,1,270.1,06/11/2023
955,3,1,288.1,07/11/2023
956,3,1,288.1,08/11/2023
957,3,1,288.1,09/11/2023
958,3,1,329.27,10/11/2023
959,3,1,329.27,11/11/2023
960,3,1,329.27,12/11/2023
961,3,1,270.48,13/11/2023
962,3,1,329.27,14/11/2023
963,3,1,270.48,15/11/2023
964,3,1,330.81,16/11/2023
965,3,1,330.81,17/11/2023
966,3,1,229.69,18/11/2023
967,3,1,229.69,19/11/2023
968,3,1,217.62,20/11/2023
969,3,1,330.81,21/11/2023
970,3,1,330.81,22/11/2023
971,3,1,239.64,23/11/2023
972,3,1,229.49,24/11/2023
973,3,1,229.49,25/11/2023
974,3,1,229.49,26/11/2023
975,3,1,240.41,27/11/2023
976,3,1,240.41,28/11/2023
977,3,1,329.27,29/11/2023
978,3,1,329.27,30/11/2023
979,3,1,329.27,01/12/2023
980,3,1,329.27,02/12/2023
981,3,1,329.27,03/12/2023
982,3,1,329.27,04/12/2023
983,3,1,329.27,05/12/2023
984,3,1,240.79,06/12/2023
985,3,1,255.92,07/12/2023
986,3,1,255.92,08/12/2023
987,3,1,255.92,09/12/2023
988,3,1,255.92,10/12/2023
989,3,1,255.92,11/12/2023
990,3,1,255.92,12/12/2023
991,3,1,255.92,13/12/2023
992,3,1,255.92,14/12/2023
993,3,1,255.92,15/12/2023
994,3,1,255.92,16/12/2023
995,3,1,255.92,17/12/2023
996,3,1,255.92,18/12/2023
997,3,1,255.92,19/12/2023
998,3,1,255.92,20/12/2023
999,3,1,255.92,21/12/2023
1000,3,1,255.92,22/12/2023
1001,3,1,255.92,23/12/2023
1002,3,1,255.92,24/12/2023
1003,3,1,255.92,25/12/2023
1004,3,1,255.92,26/12/2023
1005,3,1,255.92,27/12/2023
1006,3,1,255.92,28/12/2023
1007,3,1,255.92,29/12/2023
1008,3,1,255.92,30/12/2023
1009,3,1,255.92,31/12/2023
1010,3,1,255.92,01/01/2024
1011,3,1,239.84,02/01/2024
1012,3,1,253.43,03/01/2024
1013,3,1,253.43,04/01/2024
1014,3,1,253.43,05/01/2024
1015,3,1,253.43,06/01/2024
1016,3,1,253.43,07/01/2024
1017,3,1,253.43,08/01/2024
1018,3,1,253.43,09/01/2024
1019,3,1,253.43,10/01/2024
1020,3,1,253.43,11/01/2024
1021,3,1,253.43,12/01/2024
1022,3,1,253.43,13/01/2024
1023,3,1,253.43,14/01/2024
1024,3,1,253.43,15/01/2024
1025,3,1,253.43,16/01/2024
1026,3,1,253.43,17/01/2024
1027,3,1,253.43,18/01/2024
1028,3,1,253.43,19/01/2024
1029,3,1,253.43,20/01/2024
1030,3,1,253.43,21/01/2024
1031,3,1,253.43,22/01/2024
1032,3,1,253.43,23/01/2024
1033,3,1,253.43,24/01/2024
1034,3,1,253.43,25/01/2024
1035,3,1,253.43,26/01/2024
1036,3,1,253.43,27/01/2024
1037,3,1,253.43,28/01/2024
1038,3,1,253.43,29/01/2024
1039,3,1,253.43,30/01/2024
1040,3,1,253.43,31/01/2024
1041,3,1,253.43,01/02/2024
1042,3,1,253.43,02/02/2024
1043,3,1,253.43,03/02/2024
1044,3,1,253.43,04/02/2024
1045,3,1,253.43,05/02/2024
1046,3,1,253.43,06/02/2024
1047,3,1,253.43,07/02/2024
1048,3,1,253.43,08/02/2024
1049,3,1,253.43,09/02/2024
1050,3,1,253.43,10/02/2024
1051,3,1,250.18,11/02/2024
1052,3,1,250.18,12/02/2024
1053,3,1,250.18,13/02/2024
1054,3,1,250.18,14/02/2024
1055,3,1,250.18,15/02/2024
1056,3,1,250.18,16/02/2024
1057,3,1,250.18,17/02/2024
1058,3,1,250.18,18/02/2024
1059,3,1,250.18,19/02/2024
1060,3,1,250.18,20/02/2024
1061,3,1,250.18,21/02/2024
1062,3,1,250.18,22/02/2024
1063,3,1,250.18,23/02/2024
1064,3,1,250.18,24/02/2024
1065,3,1,250.18,25/02/2024
1066,3,1,250.18,26/02/2024
1067,3,1,250.18,27/02/2024
1068,3,1,250.18,28/02/2024
1069,3,1,250.18,29/02/2024
1070,3,1,250.18,01/03/2024
1071,3,1,250.18,02/03/2024
1072,3,1,256.88,03/03/2024
1073,3,1,249.22,04/03/2024
1074,3,1,329.47,05/03/2024
1075,3,1,256.5,06/03/2024
1076,3,1,256.5,07/03/2024
1077,3,1,256.5,08/03/2024
1078,3,1,256.5,09/03/2024
1079,3,1,256.5,10/03/2024
1080,3,1,256.5,11/03/2024
1081,3,1,256.5,12/03/2024
1082,3,1,256.5,13/03/2024
1083,3,1,256.5,14/03/2024
1084,3,1,256.5,15/03/2024
1085,3,1,256.5,16/03/2024
1086,3,1,256.5,17/03/2024
1087,3,1,255.16,18/03/2024
1088,3,1,329.66,19/03/2024
1089,3,1,329.66,20/03/2024
1090,3,1,329.66,21/03/2024
1091,3,1,329.66,22/03/2024
1092,3,1,329.66,23/03/2024
1093,3,1,249.99,24/03/2024
1094,3,1,249.99,25/03/2024
1095,3,1,249.99,26/03/2024
1096,3,1,249.99,27/03/2024
1097,3,1,249.99,28/03/2024
1098,3,1,249.99,29/03/2024
1099,3,1,249.99,30/03/2024
1100,3,1,249.99,31/03/2024
1101,3,1,249.99,01/04/2024
1102,3,1,249.99,02/04/2024
1103,3,1,249.99,03/04/2024
1104,3,1,249.99,04/04/2024
1105,3,1,250.37,05/04/2024
1106,3,1,255.54,06/04/2024
1107,3,1,255.54,07/04/2024
1108,3,1,255.54,08/04/2024
1109,3,1,255.54,09/04/2024
1110,3,1,255.54,10/04/2024
1111,3,1,330.23,11/04/2024
1112,3,1,330.23,12/04/2024
1113,3,1,330.42,13/04/2024
1114,3,1,255.54,14/04/2024
1115,3,1,255.54,15/04/2024
1116,3,1,255.54,16/04/2024
1117,3,1,255.54,17/04/2024
1118,3,1,310.89,18/04/2024
1119,3,1,310.89,19/04/2024
1120,3,1,310.89,20/04/2024
1121,3,1,329.85,21/04/2024
1122,3,1,255.35,22/04/2024
1123,3,1,325.44,23/04/2024
1124,3,1,329.27,24/04/2024
1125,3,1,323.72,25/04/2024
1126,3,1,323.72,26/04/2024
1127,3,1,240.03,27/04/2024
1128,3,1,329.47,28/04/2024
1129,3,1,329.47,29/04/2024
1130,3,1,329.47,30/04/2024
1131,3,1,329.47,01/05/2024
1132,3,1,329.47,02/05/2024
1133,3,1,329.47,03/05/2024
1134,3,1,329.47,04/05/2024
1135,3,1,329.47,05/05/2024
1136,3,1,329.47,06/05/2024
1137,3,1,329.47,07/05/2024
1138,3,1,329.47,08/05/2024
1139,3,1,329.47,09/05/2024
1140,3,1,329.47,10/05/2024
1141,3,1,329.47,11/05/2024
1142,3,1,250.18,12/05/2024
1143,3,1,330.23,13/05/2024
1144,3,1,330.23,14/05/2024
1145,3,1,330.23,15/05/2024
1146,3,1,330.23,16/05/2024
1147,3,1,330.23,17/05/2024
1148,3,1,330.23,18/05/2024
1149,3,1,330.23,19/05/2024
1150,3,1,330.23,20/05/2024
1151,3,1,330.23,21/05/2024
1152,3,1,330.23,22/05/2024
1153,3,1,330.23,23/05/2024
1154,3,1,330.23,24/05/2024
1155,3,1,330.23,25/05/2024
1156,3,1,330.23,26/05/2024
1157,3,1,330.23,27/05/2024
1158,3,1,330.23,28/05/2024
1159,3,1,330.23,29/05/2024
1160,3,1,330.23,30/05/2024
1161,3,1,330.23,31/05/2024
1162,3,1,330.23,01/06/2024
1163,3,1,330.23,02/06/2024
1164,3,1,330.23,03/06/2024
1165,3,1,330.23,04/06/2024
1166,3,1,249.79,05/06/2024
1167,3,1,329.85,06/06/2024
1168,3,1,329.85,07/06/2024
1169,3,1,329.85,08/06/2024
1170,3,1,329.85,09/06/2024
1171,3,1,249.99,10/06/2024
1172,3,1,330.62,11/06/2024
1173,3,1,330.62,12/06/2024
1174,3,1,330.62,13/06/2024
1175,3,1,330.62,14/06/2024
1176,3,1,330.62,15/06/2024
1177,3,1,330.62,16/06/2024
1178,3,1,330.62,17/06/2024
1179,3,1,330.62,18/06/2024
1180,3,1,330.23,19/06/2024
1181,2,1,40,21/06/2023
1182,2,1,40,22/06/2023
1183,2,1,40,23/06/2023
1184,2,1,40,24/06/2023
1185,2,1,40,25/06/2023
1186,2,1,40,26/06/2023
1187,2,1,40,27/06/2023
1188,2,1,40,28/06/2023
1189,2,1,40,29/06/2023
1190,2,1,40,30/06/2023
1191,2,1,40,01/07/2023
1192,2,1,40,02/07/2023
1193,2,1,40,03/07/2023
1194,2,1,40,04/07/2023
1195,2,1,40,05/07/2023
1196,2,1,40,06/07/2023
1197,2,1,40,07/07/2023
1198,2,1,40,08/07/2023
1199,2,1,37.87,09/07/2023
1200,2,1,37.87,10/07/2023
1201,2,1,37.87,11/07/2023
1202,2,1,37.87,12/07/2023
1203,2,1,37.87,13/07/2023
1204,2,1,37.87,14/07/2023
1205,2,1,37.87,15/07/2023
1206,2,1,37.87,16/07/2023
1207,2,1,37.87,17/07/2023
1208,2,1,37.87,18/07/2023
1209,2,1,37.87,19/07/2023
1210,2,1,37.87,20/07/2023
1211,2,1,37.87,21/07/2023
1212,2,1,37.87,22/07/2023
1213,2,1,37.87,23/07/2023
1214,2,1,37.87,24/07/2023
1215,2,1,37.87,25/07/2023
1216,2,1,37.87,26/07/2023
1217,2,1,38.09,27/07/2023
1218,2,1,39.91,28/07/2023
1219,2,1,39.43,29/07/2023
1220,2,1,39.43,30/07/2023
1221,2,1,39.43,31/07/2023
1222,2,1,39.43,01/08/2023
1223,2,1,39.35,02/08/2023
1224,2,1,39.87,03/08/2023
1225,2,1,39.87,04/08/2023
1226,2,1,39.87,05/08/2023
1227,2,1,39.17,06/08/2023
1228,2,1,39.17,07/08/2023
1229,2,1,39.17,08/08/2023
1230,2,1,39.17,09/08/2023
1231,2,1,39.17,10/08/2023
1232,2,1,39.96,11/08/2023
1233,2,1,37.91,12/08/2023
1234,2,1,37.91,13/08/2023
1235,2,1,37.91,14/08/2023
1236,2,1,37.91,15/08/2023
1237,2,1,37.91,16/08/2023
1238,2,1,37.91,17/08/2023
1239,2,1,37.91,18/08/2023
1240,2,1,37.91,19/08/2023
1241,2,1,37.91,20/08/2023
1242,2,1,37.91,21/08/2023
1243,2,1,37.91,22/08/2023
1244,2,1,37.91,23/08/2023
1245,2,1,38,24/08/2023
1246,2,1,38,25/08/2023
1247,2,1,38,26/08/2023
1248,2,1,38,27/08/2023
1249,2,1,39.35,28/08/2023
1250,2,1,39.87,29/08/2023
1251,2,1,39.87,30/08/2023
1252,2,1,39.87,31/08/2023
1253,2,1,39.87,01/09/2023
1254,2,1,39.87,02/09/2023
1255,2,1,39.87,03/09/2023
1256,2,1,39.87,04/09/2023
1257,2,1,39.87,05/09/2023
1258,2,1,39.87,06/09/2023
1259,2,1,39.87,07/09/2023
1260,2,1,39.91,08/09/2023
1261,2,1,39.09,09/09/2023
1262,2,1,39.09,10/09/2023
1263,2,1,39.09,11/09/2023
1264,2,1,39.09,12/09/2023
1265,2,1,39.09,13/09/2023
1266,2,1,39.09,14/09/2023
1267,2,1,39.09,15/09/2023
1268,2,1,39.09,16/09/2023
1269,2,1,39.09,17/09/2023
1270,2,1,39.09,18/09/2023
1271,2,1,39.09,19/09/2023
1272,2,1,39.09,20/09/2023
1273,2,1,39.09,21/09/2023
1274,2,1,39.83,22/09/2023
1275,2,1,38.96,23/09/2023
1276,2,1,38.96,24/09/2023
1277,2,1,38.35,25/09/2023
1278,2,1,38.35,26/09/2023
1279,2,1,38.35,27/09/2023
1280,2,1,38.35,28/09/2023
1281,2,1,40,29/09/2023
1282,2,1,40,30/09/2023
1283,2,1,40,01/10/2023
1284,2,1,40,02/10/2023
1285,2,1,40,03/10/2023
1286,2,1,40,04/10/2023
1287,2,1,40,05/10/2023
1288,2,1,40,06/10/2023
1289,2,1,40,07/10/2023
1290,2,1,40,08/10/2023
1291,2,1,40,09/10/2023
1292,2,1,40,10/10/2023
1293,2,1,40,11/10/2023
1294,2,1,40,12/10/2023
1295,2,1,40,13/10/2023
1296,2,1,40,14/10/2023
1297,2,1,40,15/10/2023
1298,2,1,40,16/10/2023
1299,2,1,40,17/10/2023
1300,2,1,40,18/10/2023
1301,2,1,40,19/10/2023
1302,2,1,40,20/10/2023
1303,2,1,40,21/10/2023
1304,2,1,40,22/10/2023
1305,2,1,40,23/10/2023
1306,2,1,40,24/10/2023
1307,2,1,40,25/10/2023
1308,2,1,40,26/10/2023
1309,2,1,39.22,27/10/2023
1310,2,1,39.87,28/10/2023
1311,2,1,39.87,29/10/2023
1312,2,1,39.87,30/10/2023
1313,2,1,39.87,31/10/2023
1314,2,1,39.87,01/11/2023
1315,2,1,39.87,02/11/2023
1316,2,1,39.87,03/11/2023
1317,2,1,39.87,04/11/2023
1318,2,1,39.87,05/11/2023
1319,2,1,39.87,06/11/2023
1320,2,1,39.87,07/11/2023
1321,2,1,39.87,08/11/2023
1322,2,1,39.87,09/11/2023
1323,2,1,39.87,10/11/2023
1324,2,1,39.87,11/11/2023
1325,2,1,39.87,12/11/2023
1326,2,1,39.87,13/11/2023
1327,2,1,39.87,14/11/2023
1328,2,1,39.87,15/11/2023
1329,2,1,39.3,16/11/2023
1330,2,1,39.3,17/11/2023
1331,2,1,39.3,18/11/2023
1332,2,1,39.83,19/11/2023
1333,2,1,39.83,20/11/2023
1334,2,1,39.83,21/11/2023
1335,2,1,39.83,22/11/2023
1336,2,1,39.83,23/11/2023
1337,2,1,39.83,24/11/2023
1338,2,1,39.83,25/11/2023
1339,2,1,39.83,26/11/2023
1340,2,1,39.83,27/11/2023
1341,2,1,39.87,28/11/2023
1342,2,1,39.87,29/11/2023
1343,2,1,39.87,30/11/2023
1344,2,1,39.87,01/12/2023
1345,2,1,38.96,02/12/2023
1346,2,1,39.87,03/12/2023
1347,2,1,39.87,04/12/2023
1348,2,1,39.87,05/12/2023
1349,2,1,39.87,06/12/2023
1350,2,1,39.87,07/12/2023
1351,2,1,39.87,08/12/2023
1352,2,1,39.87,09/12/2023
1353,2,1,39.87,10/12/2023
1354,2,1,39.87,11/12/2023
1355,2,1,39.87,12/12/2023
1356,2,1,39.87,13/12/2023
1357,2,1,39.87,14/12/2023
1358,2,1,39.87,15/12/2023
1359,2,1,39.87,16/12/2023
1360,2,1,39.96,17/12/2023
1361,2,1,29.52,18/12/2023
1362,2,1,29.52,19/12/2023
1363,2,1,29.52,20/12/2023
1364,2,1,29.52,21/12/2023
1365,2,1,29.43,22/12/2023
1366,2,1,45.3,23/12/2023
1367,2,1,45.26,24/12/2023
1368,2,1,40.13,25/12/2023
1369,2,1,45.26,26/12/2023
1370,2,1,45.26,27/12/2023
1371,2,1,45.26,28/12/2023
1372,2,1,45.26,29/12/2023
1373,2,1,45.26,30/12/2023
1374,2,1,45.26,31/12/2023
1375,2,1,45.26,01/01/2024
1376,2,1,45.26,02/01/2024
1377,2,1,45.26,03/01/2024
1378,2,1,45.26,04/01/2024
1379,2,1,45.26,05/01/2024
1380,2,1,45.26,06/01/2024
1381,2,1,45.26,07/01/2024
1382,2,1,45.26,08/01/2024
1383,2,1,45.26,09/01/2024
1384,2,1,45.26,10/01/2024
1385,2,1,45.26,11/01/2024
1386,2,1,45.26,12/01/2024
1387,2,1,45.26,13/01/2024
1388,2,1,45.26,14/01/2024
1389,2,1,45.26,15/01/2024
1390,2,1,45.26,16/01/2024
1391,2,1,45.26,17/01/2024
1392,2,1,45.26,18/01/2024
1393,2,1,45.26,19/01/2024
1394,2,1,45.26,20/01/2024
1395,2,1,45.26,21/01/2024
1396,2,1,45.26,22/01/2024
1397,2,1,45.26,23/01/2024
1398,2,1,45.26,24/01/2024
1399,2,1,45.26,25/01/2024
1400,2,1,45.26,26/01/2024
1401,2,1,45.26,27/01/2024
1402,2,1,45.26,28/01/2024
1403,2,1,45.26,29/01/2024
1404,2,1,45.26,30/01/2024
1405,2,1,45.26,31/01/2024
1406,2,1,45.26,01/02/2024
1407,2,1,45.26,02/02/2024
1408,2,1,45.26,03/02/2024
1409,2,1,45.26,04/02/2024
1410,2,1,45.26,05/02/2024
1411,2,1,45.26,06/02/2024
1412,2,1,45.26,07/02/2024
1413,2,1,45.26,08/02/2024
1414,2,1,45.26,09/02/2024
1415,2,1,45.26,10/02/2024
1416,2,1,45.26,11/02/2024
1417,2,1,45.26,12/02/2024
1418,2,1,45.26,13/02/2024
1419,2,1,45.26,14/02/2024
1420,2,1,45.26,15/02/2024
1421,2,1,45.26,16/02/2024
1422,2,1,45.26,17/02/2024
1423,2,1,45.26,18/02/2024
1424,2,1,45.26,19/02/2024
1425,2,1,45.26,20/02/2024
1426,2,1,45.26,21/02/2024
1427,2,1,45.26,22/02/2024
1428,2,1,45.26,23/02/2024
1429,2,1,45.26,24/02/2024
1430,2,1,45.26,25/02/2024
1431,2,1,29.43,26/02/2024
1432,2,1,29.43,27/02/2024
1433,2,1,38.87,28/02/2024
1434,2,1,38.87,29/02/2024
1435,2,1,45.35,01/03/2024
1436,2,1,38.87,02/03/2024
1437,2,1,38.87,03/03/2024
1438,2,1,45.39,04/03/2024
1439,2,1,45.39,05/03/2024
1440,2,1,49.87,06/03/2024
1441,2,1,43.87,07/03/2024
1442,2,1,40.91,08/03/2024
1443,2,1,45.39,09/03/2024
1444,2,1,45,10/03/2024
1445,2,1,44.96,11/03/2024
1446,2,1,44.96,12/03/2024
1447,2,1,45.35,13/03/2024
1448,2,1,39.17,14/03/2024
1449,2,1,39.17,15/03/2024
1450,2,1,39.17,16/03/2024
1451,2,1,39.17,17/03/2024
1452,2,1,39.17,18/03/2024
1453,2,1,39.17,19/03/2024
1454,2,1,39.17,20/03/2024
1455,2,1,45.57,21/03/2024
1456,2,1,45.57,22/03/2024
1457,2,1,49.91,23/03/2024
1458,2,1,45.57,24/03/2024
1459,2,1,40.65,25/03/2024
1460,2,1,45.39,26/03/2024
1461,2,1,45.39,27/03/2024
1462,2,1,45.39,28/03/2024
1463,2,1,45.39,29/03/2024
1464,2,1,50,30/03/2024
1465,2,1,50,31/03/2024
1466,2,1,50,01/04/2024
1467,2,1,44.65,02/04/2024
1468,2,1,45.52,03/04/2024
1469,2,1,45.52,04/04/2024
1470,2,1,44.61,05/04/2024
1471,2,1,45.52,06/04/2024
1472,2,1,45.52,07/04/2024
1473,2,1,44.04,08/04/2024
1474,2,1,45.57,09/04/2024
1475,2,1,45.57,10/04/2024
1476,2,1,45.57,11/04/2024
1477,2,1,45.57,12/04/2024
1478,2,1,45.57,13/04/2024
1479,2,1,45.57,14/04/2024
1480,2,1,45.57,15/04/2024
1481,2,1,45.57,16/04/2024
1482,2,1,45.57,17/04/2024
1483,2,1,45.57,18/04/2024
1484,2,1,45.57,19/04/2024
1485,2,1,45.57,20/04/2024
1486,2,1,45.57,21/04/2024
1487,2,1,44.04,22/04/2024
1488,2,1,40.04,23/04/2024
1489,2,1,40.04,24/04/2024
1490,2,1,45.17,25/04/2024
1491,2,1,45.17,26/04/2024
1492,2,1,45.17,27/04/2024
1493,2,1,45.17,28/04/2024
1494,2,1,45.17,29/04/2024
1495,2,1,45.17,30/04/2024
1496,2,1,45.17,01/05/2024
1497,2,1,41,02/05/2024
1498,2,1,41,03/05/2024
1499,2,1,41,04/05/2024
1500,2,1,41,05/05/2024
1501,2,1,41,06/05/2024
1502,2,1,40.87,07/05/2024
1503,2,1,40.87,08/05/2024
1504,2,1,40.87,09/05/2024
1505,2,1,37.43,10/05/2024
1506,2,1,36.3,11/05/2024
1507,2,1,36.3,12/05/2024
1508,2,1,36.3,13/05/2024
1509,2,1,36.3,14/05/2024
1510,2,1,36.3,15/05/2024
1511,2,1,36.3,16/05/2024
1512,2,1,36.3,17/05/2024
1513,2,1,36.3,18/05/2024
1514,2,1,36.3,19/05/2024
1515,2,1,36.3,20/05/2024
1516,2,1,36.3,21/05/2024
1517,2,1,36.3,22/05/2024
1518,2,1,36.3,23/05/2024
1519,2,1,36.3,24/05/2024
1520,2,1,37.3,25/05/2024
1521,2,1,36.7,26/05/2024
1522,2,1,36.7,27/05/2024
1523,2,1,36.7,28/05/2024
1524,2,1,36.65,29/05/2024
1525,2,1,36.65,30/05/2024
1526,2,1,40.78,31/05/2024
1527,2,1,44.22,01/06/2024
1528,2,1,44.22,02/06/2024
1529,2,1,44.22,03/06/2024
1530,2,1,44.22,04/06/2024
1531,2,1,44.22,05/06/2024
1532,2,1,40.96,06/06/2024
1533,2,1,44.35,07/06/2024
1534,2,1,39.17,08/06/2024
1535,2,1,40.91,09/06/2024
1536,2,1,40.91,10/06/2024
1537,2,1,40.91,11/06/2024
1538,2,1,40.91,12/06/2024
1539,2,1,34.3,13/06/2024
1540,2,1,38.87,14/06/2024
1541,2,1,38.87,15/06/2024
1542,2,1,38.87,16/06/2024
1543,2,1,38.87,17/06/2024
1544,2,1,38.87,18/06/2024
1545,2,1,38.87,19/06/2024
1546,2,1,38.87,20/06/2024
1547,1,1,17.02,27/06/2023
1548,1,1,17.02,28/06/2023
1549,1,1,17.02,29/06/2023
1550,1,1,17.02,30/06/2023
1551,1,1,17.02,01/07/2023
1552,1,1,17.02,02/07/2023
1553,1,1,17.02,03/07/2023
1554,1,1,17.02,04/07/2023
1555,1,1,17.02,05/07/2023
1556,1,1,17.02,06/07/2023
1557,1,1,17.02,07/07/2023
1558,1,1,17.02,08/07/2023
1559,1,1,17.02,09/07/2023
1560,1,1,17.02,10/07/2023
1561,1,1,17.02,11/07/2023
1562,1,1,17.02,12/07/2023
1563,1,1,17.02,13/07/2023
1564,1,1,17.02,14/07/2023
1565,1,1,17.02,15/07/2023
1566,1,1,17.02,16/07/2023
1567,1,1,17.02,17/07/2023
1568,1,1,17.02,18/07/2023
1569,1,1,17.02,19/07/2023
1570,1,1,17.02,20/07/2023
1571,1,1,17.02,21/07/2023
1572,1,1,17.02,22/07/2023
1573,1,1,17.02,23/07/2023
1574,1,1,17.02,24/07/2023
1575,1,1,17.02,25/07/2023
1576,1,1,17.02,26/07/2023
1577,1,1,17.02,27/07/2023
1578,1,1,17.02,28/07/2023
1579,1,1,17.02,29/07/2023
1580,1,1,17.02,30/07/2023
1581,1,1,17.02,31/07/2023
1582,1,1,17.02,01/08/2023
1583,1,1,15.2,02/08/2023
1584,1,1,15.2,03/08/2023
1585,1,1,15.2,04/08/2023
1586,1,1,15.2,05/08/2023
1587,1,1,16.99,06/08/2023
1588,1,1,16.99,07/08/2023
1589,1,1,16.99,08/08/2023
1590,1,1,16.99,09/08/2023
1591,1,1,16.99,10/08/2023
1592,1,1,16.99,11/08/2023
1593,1,1,16.99,12/08/2023
1594,1,1,16.99,13/08/2023
1595,1,1,16.99,14/08/2023
1596,1,1,16.99,15/08/2023
1597,1,1,16.99,16/08/2023
1598,1,1,16.99,17/08/2023
1599,1,1,16.99,18/08/2023
1600,1,1,16.97,19/08/2023
1601,1,1,16.97,20/08/2023
1602,1,1,16.97,21/08/2023
1603,1,1,16.97,22/08/2023
1604,1,1,16.97,23/08/2023
1605,1,1,16.97,24/08/2023
1606,1,1,16.97,25/08/2023
1607,1,1,16.91,26/08/2023
1608,1,1,16.91,27/08/2023
1609,1,1,16.91,28/08/2023
1610,1,1,16.91,29/08/2023
1611,1,1,16.91,30/08/2023
1612,1,1,16.91,31/08/2023
1613,1,1,16.91,01/09/2023
1614,1,1,16.91,02/09/2023
1615,1,1,16.91,03/09/2023
1616,1,1,16.91,04/09/2023
1617,1,1,16.91,05/09/2023
1618,1,1,16.91,06/09/2023
1619,1,1,16.91,07/09/2023
1620,1,1,16.91,08/09/2023
1621,1,1,16.91,09/09/2023
1622,1,1,16.91,10/09/2023
1623,1,1,16.91,11/09/2023
1624,1,1,16.91,12/09/2023
1625,1,1,16.91,13/09/2023
1626,1,1,16.91,14/09/2023
1627,1,1,16.91,15/09/2023
1628,1,1,16.91,16/09/2023
1629,1,1,16.91,17/09/2023
1630,1,1,16.91,18/09/2023
1631,1,1,16.91,19/09/2023
1632,1,1,16.91,20/09/2023
1633,1,1,16.91,21/09/2023
1634,1,1,16.99,22/09/2023
1635,1,1,15.18,23/09/2023
1636,1,1,15.18,24/09/2023
1637,1,1,15.18,25/09/2023
1638,1,1,15.18,26/09/2023
1639,1,1,15.18,27/09/2023
1640,1,1,15.18,28/09/2023
1641,1,1,15.18,29/09/2023
1642,1,1,15.18,30/09/2023
1643,1,1,15.18,01/10/2023
1644,1,1,15.18,02/10/2023
1645,1,1,15.24,03/10/2023
1646,1,1,16.97,04/10/2023
1647,1,1,16.97,05/10/2023
1648,1,1,16.97,06/10/2023
1649,1,1,16.97,07/10/2023
1650,1,1,16.97,08/10/2023
1651,1,1,16.97,09/10/2023
1652,1,1,16.97,10/10/2023
1653,1,1,16.97,11/10/2023
1654,1,1,16.97,12/10/2023
1655,1,1,16.97,13/10/2023
1656,1,1,16.97,14/10/2023
1657,1,1,16.97,15/10/2023
1658,1,1,16.97,16/10/2023
1659,1,1,16.97,17/10/2023
1660,1,1,16.97,18/10/2023
1661,1,1,16.97,19/10/2023
1662,1,1,16.97,20/10/2023
1663,1,1,16.97,21/10/2023
1664,1,1,16.97,22/10/2023
1665,1,1,16.97,23/10/2023
1666,1,1,16.97,24/10/2023
1667,1,1,16.97,25/10/2023
1668,1,1,16.97,26/10/2023
1669,1,1,16.97,27/10/2023
1670,1,1,16.97,28/10/2023
1671,1,1,16.97,29/10/2023
1672,1,1,16.97,30/10/2023
1673,1,1,16.97,31/10/2023
1674,1,1,16.97,01/11/2023
1675,1,1,16.97,02/11/2023
1676,1,1,16.97,03/11/2023
1677,1,1,16.97,04/11/2023
1678,1,1,16.97,05/11/2023
1679,1,1,16.97,06/11/2023
1680,1,1,16.97,07/11/2023
1681,1,1,16.97,08/11/2023
1682,1,1,16.97,09/11/2023
1683,1,1,16.97,10/11/2023
1684,1,1,16.97,11/11/2023
1685,1,1,16.97,12/11/2023
1686,1,1,16.97,13/11/2023
1687,1,1,16.97,14/11/2023
1688,1,1,16.97,15/11/2023
1689,1,1,16.97,16/11/2023
1690,1,1,16.97,17/11/2023
1691,1,1,16.97,18/11/2023
1692,1,1,16.97,19/11/2023
1693,1,1,16.97,20/11/2023
1694,1,1,16.97,21/11/2023
1695,1,1,16.97,22/11/2023
1696,1,1,16.97,23/11/2023
1697,1,1,16.97,24/11/2023
1698,1,1,16.97,25/11/2023
1699,1,1,16.97,26/11/2023
1700,1,1,16.97,27/11/2023
1701,1,1,16.97,28/11/2023
1702,1,1,16.97,29/11/2023
1703,1,1,16.97,30/11/2023
1704,1,1,16.97,01/12/2023
1705,1,1,16.97,02/12/2023
1706,1,1,16.97,03/12/2023
1707,1,1,16.97,04/12/2023
1708,1,1,16.97,05/12/2023
1709,1,1,16.97,06/12/2023
1710,1,1,16.97,07/12/2023
1711,1,1,16.97,08/12/2023
1712,1,1,16.97,09/12/2023
1713,1,1,16.97,10/12/2023
1714,1,1,16.97,11/12/2023
1715,1,1,16.97,12/12/2023
1716,1,1,16.97,13/12/2023
1717,1,1,16.97,14/12/2023
1718,1,1,16.97,15/12/2023
1719,1,1,16.97,16/12/2023
1720,1,1,16.97,17/12/2023
1721,1,1,16.97,18/12/2023
1722,1,1,16.97,19/12/2023
1723,1,1,16.97,20/12/2023
1724,1,1,16.97,21/12/2023
1725,1,1,16.97,22/12/2023
1726,1,1,16.97,23/12/2023
1727,1,1,16.97,24/12/2023
1728,1,1,16.97,25/12/2023
1729,1,1,16.97,26/12/2023
1730,1,1,16.97,27/12/2023
1731,1,1,16.97,28/12/2023
1732,1,1,16.97,29/12/2023
1733,1,1,16.97,30/12/2023
1734,1,1,16.97,31/12/2023
1735,1,1,16.97,01/01/2024
1736,1,1,16.97,02/01/2024
1737,1,1,16.97,03/01/2024
1738,1,1,16.97,04/01/2024
1739,1,1,16.97,05/01/2024
1740,1,1,16.97,06/01/2024
1741,1,1,16.97,07/01/2024
1742,1,1,16.97,08/01/2024
1743,1,1,16.97,09/01/2024
1744,1,1,16.97,10/01/2024
1745,1,1,16.97,11/01/2024
1746,1,1,16.97,12/01/2024
1747,1,1,16.97,13/01/2024
1748,1,1,16.97,14/01/2024
1749,1,1,16.97,15/01/2024
1750,1,1,16.97,16/01/2024
1751,1,1,16.97,17/01/2024
1752,1,1,16.97,18/01/2024
1753,1,1,16.97,19/01/2024
1754,1,1,16.97,20/01/2024
1755,1,1,16.97,21/01/2024
1756,1,1,16.97,22/01/2024
1757,1,1,16.97,23/01/2024
1758,1,1,16.97,24/01/2024
1759,1,1,16.97,25/01/2024
1760,1,1,16.97,26/01/2024
1761,1,1,16.97,27/01/2024
1762,1,1,16.97,28/01/2024
1763,1,1,16.97,29/01/2024
1764,1,1,16.97,30/01/2024
1765,1,1,16.97,31/01/2024
1766,1,1,16.97,01/02/2024
1767,1,1,16.97,02/02/2024
1768,1,1,16.97,03/02/2024
1769,1,1,16.97,04/02/2024
1770,1,1,16.97,05/02/2024
1771,1,1,16.97,06/02/2024
1772,1,1,16.97,07/02/2024
1773,1,1,16.97,08/02/2024
1774,1,1,16.97,09/02/2024
1775,1,1,16.97,10/02/2024
1776,1,1,16.97,11/02/2024
1777,1,1,16.97,12/02/2024
1778,1,1,16.97,13/02/2024
1779,1,1,16.97,14/02/2024
1780,1,1,16.97,15/02/2024
1781,1,1,16.97,16/02/2024
1782,1,1,16.97,17/02/2024
1783,1,1,16.97,18/02/2024
1784,1,1,16.97,19/02/2024
1785,1,1,16.97,20/02/2024
1786,1,1,16.97,21/02/2024
1787,1,1,16.97,22/02/2024
1788,1,1,16.97,23/02/2024
1789,1,1,16.97,24/02/2024
1790,1,1,16.97,25/02/2024
1791,1,1,16.97,26/02/2024
1792,1,1,16.97,27/02/2024
1793,1,1,16.97,28/02/2024
1794,1,1,16.97,29/02/2024
1795,1,1,16.97,01/03/2024
1796,1,1,16.97,02/03/2024
1797,1,1,16.97,03/03/2024
1798,1,1,16.97,04/03/2024
1799,1,1,16.97,05/03/2024
1800,1,1,16.97,06/03/2024
1801,1,1,16.97,07/03/2024
1802,1,1,16.97,08/03/2024
1803,1,1,16.97,09/03/2024
1804,1,1,16.97,10/03/2024
1805,1,1,16.97,11/03/2024
1806,1,1,16.97,12/03/2024
1807,1,1,16.97,13/03/2024
1808,1,1,16.97,14/03/2024
1809,1,1,16.97,15/03/2024
1810,1,1,16.97,16/03/2024
1811,1,1,16.97,17/03/2024
1812,1,1,16.97,18/03/2024
1813,1,1,16.97,19/03/2024
1814,1,1,16.97,20/03/2024
1815,1,1,16.97,21/03/2024
1816,1,1,16.97,22/03/2024
1817,1,1,16.97,23/03/2024
1818,1,1,16.97,24/03/2024
1819,1,1,16.97,25/03/2024
1820,1,1,16.97,26/03/2024
1821,1,1,16.97,27/03/2024
1822,1,1,16.97,28/03/2024
1823,1,1,16.97,29/03/2024
1824,1,1,16.97,30/03/2024
1825,1,1,16.97,31/03/2024
1826,1,1,16.97,01/04/2024
1827,1,1,16.97,02/04/2024
1828,1,1,16.97,03/04/2024
1829,1,1,16.97,04/04/2024
1830,1,1,16.97,05/04/2024
1831,1,1,16.97,06/04/2024
1832,1,1,16.97,07/04/2024
1833,1,1,16.97,08/04/2024
1834,1,1,16.97,09/04/2024
1835,1,1,15.01,10/04/2024
1836,1,1,16.97,11/04/2024
1837,1,1,16.97,12/04/2024
1838,1,1,16.97,13/04/2024
1839,1,1,16.97,14/04/2024
1840,1,1,16.97,15/04/2024
1841,1,1,16.97,16/04/2024
1842,1,1,16.97,17/04/2024
1843,1,1,16.97,18/04/2024
1844,1,1,16.97,19/04/2024
1845,1,1,16.97,20/04/2024
1846,1,1,16.97,21/04/2024
1847,1,1,15.05,22/04/2024
1848,1,1,16.99,23/04/2024
1849,1,1,16.99,24/04/2024
1850,1,1,16.99,25/04/2024
1851,1,1,16.99,26/04/2024
1852,1,1,16.99,27/04/2024
1853,1,1,16.99,28/04/2024
1854,1,1,16.99,29/04/2024
1855,1,1,16.99,30/04/2024
1856,1,1,16.99,01/05/2024
1857,1,1,16.99,02/05/2024
1858,1,1,16.99,03/05/2024
1859,1,1,16.99,04/05/2024
1860,1,1,16.99,05/05/2024
1861,1,1,16.99,06/05/2024
1862,1,1,16.99,07/05/2024
1863,1,1,17.06,08/05/2024
1864,1,1,19.99,09/05/2024
1865,1,1,19.99,10/05/2024
1866,1,1,19.99,11/05/2024
1867,1,1,19.97,12/05/2024
1868,1,1,26.97,13/05/2024
1869,1,1,26.97,14/05/2024
1870,1,1,17.02,15/05/2024
1871,1,1,17.02,16/05/2024
1872,1,1,17.02,17/05/2024
1873,1,1,17.02,18/05/2024
1874,1,1,17.02,19/05/2024
1875,1,1,17.02,20/05/2024
1876,1,1,17.02,21/05/2024
1877,1,1,17.02,22/05/2024
1878,1,1,17.02,23/05/2024
1879,1,1,17.02,24/05/2024
1880,1,1,17.02,25/05/2024
1881,1,1,17.02,26/05/2024
1882,1,1,17.02,27/05/2024
1883,1,1,17.02,28/05/2024
1884,1,1,17.02,29/05/2024
1885,1,1,17.02,30/05/2024
1886,1,1,17.02,31/05/2024
1887,1,1,17.02,01/06/2024
1888,1,1,17.02,02/06/2024
1889,1,1,17.02,03/06/2024
1890,1,1,17.02,04/06/2024
1891,1,1,17.02,05/06/2024
1892,1,1,17.02,06/06/2024
1893,1,1,17.02,07/06/2024
1894,1,1,17.02,08/06/2024
1895,1,1,17.02,09/06/2024
1896,1,1,17.02,10/06/2024
1897,1,1,17.02,11/06/2024
1898,1,1,17.02,12/06/2024
1899,1,1,17.02,13/06/2024
1900,1,1,17.1,14/06/2024
1901,1,1,17.1,15/06/2024
1902,1,1,17.1,16/06/2024
1903,1,1,17.1,17/06/2024
1904,1,1,17.1,18/06/2024
1905,1,1,17.1,19/06/2024
1906,1,1,17.1,20/06/2024
1907,1,1,17.1,21/06/2024
1908,1,1,18.05,22/06/2024
